subregion,forest_wood_Ha,forest_scrub_Ha,forest_other_Ha,areas_without_vegetation_Ha,rainfed_crops_Ha,irrigated_crops_Ha,urban_Ha,year
Alt Camp,10148,8817,3486.0,4139,19691,3980.0,3509,2001-01-01
Alt Empordà,38265,20527,21623.0,3228,24627,13513.0,13485,2001-01-01
Alt Penedès,15660,12125,214.0,3587,23304,166.0,4264,2001-01-01
Alt Urgell,43256,27518,52552.0,14312,3667,1890.0,1505,2001-01-01
Alta Ribagorça,10708,7156,23774.0,560,236,89.0,267,2001-01-01
Anoia,29871,9483,7549.0,3737,31128,467.0,4515,2001-01-01
Bages,59806,20676,11462.0,4021,25038,1272.0,7685,2001-01-01
Baix Camp,15057,13961,4716.0,5512,7426,15932.0,7126,2001-01-01
Baix Ebre,16182,15752,9668.0,4959,32997,17022.0,3360,2001-01-01
Baix Empordà,19453,12158,4488.0,2785,13216,9051.0,9109,2001-01-01
Baix Llobregat,12305,5741,1356.0,1529,2437,2994.0,22218,2001-01-01
Baix Penedès,4999,9179,85.0,1221,8448,304.0,5344,2001-01-01
Barcelonès,1855,143,463.0,183,163,182.0,11381,2001-01-01
Berguedà,42362,8015,42160.0,8823,10078,104.0,6968,2001-01-01
Cerdanya,19217,2508,25189.0,3169,2016,977.0,1909,2001-01-01
Conca de Barberà,11752,14633,4610.0,5072,27164,373.0,1416,2001-01-01
Garraf,4479,2523,3525.0,2557,1926,171.0,3279,2001-01-01
Garrigues,13236,12077,2933.0,2039,37656,10616.0,1233,2001-01-01
Garrotxa,32160,14288,11600.0,4547,7737,1139.0,1959,2001-01-01
Gironès,19691,12830,1492.0,2785,11585,4770.0,4447,2001-01-01
Maresme,17252,1994,3099.0,2339,1458,3516.0,10092,2001-01-01
Montsià,9885,9702,3352.0,5203,23787,19717.0,2144,2001-01-01
Noguera,15372,60268,17253.0,6703,51887,23067.0,3790,2001-01-01
Osona,54101,14837,13022.0,7288,30398,424.0,6200,2001-01-01
Pallars Jussà,29091,35228,41554.0,7157,17528,2993.0,859,2001-01-01
Pallars Sobirà,61846,2935,55085.0,13192,2161,289.0,382,2001-01-01
Pla d'Urgell,11,0,520.0,372,955,26067.0,2645,2001-01-01
Pla de l'Estany,10820,2945,898.0,987,8219,962.0,1489,2001-01-01
Priorat,8668,11490,6069.0,5459,13799,2163.0,2022,2001-01-01
Ribera d'Ebre,22953,15956,5241.0,8903,21654,6850.0,1043,2001-01-01
Ripollès,39566,3043,45666.0,4763,1620,73.0,1059,2001-01-01
Segarra,3897,15086,2901.0,521,46979,135.0,2751,2001-01-01
Segrià,5710,9741,10436.0,1921,40320,66690.0,4902,2001-01-01
Selva,61536,13408,3183.0,3392,7125,4351.0,6651,2001-01-01
Solsonès,47354,10210,20453.0,3228,17582,75.0,1278,2001-01-01
Tarragonès,3322,3577,318.0,1945,8445,4232.0,9901,2001-01-01
Terra Alta,17554,15765,3317.0,4326,32071,435.0,742,2001-01-01
Urgell,2191,2755,2467.0,1107,31405,15590.0,2415,2001-01-01
Aran,10500,4986,37603.0,9630,55,0.0,516,2001-01-01
Vallès Occidental,28478,4705,786.0,483,4913,567.0,18368,2001-01-01
Vallès Oriental,42249,9395,5734.0,3291,8299,2904.0,13298,2001-01-01
Alt Camp,10148,8817,3486.0,4139,19699,3980.0,3501,2002-01-01
Alt Empordà,38292,20573,22787.0,3301,23716,13123.0,14068,2002-01-01
Alt Penedès,15660,12136,244.0,3583,23228,161.0,4308,2002-01-01
Alt Urgell,43220,27518,52636.0,14312,3685,1824.0,1505,2002-01-01
Alta Ribagorça,10708,7156,20445.0,3888,281,45.0,267,2002-01-01
Anoia,29846,9520,7604.0,3734,30848,464.0,4734,2002-01-01
Bages,60187,20643,10861.0,4044,25142,1346.0,7737,2002-01-01
Baix Camp,14648,13125,5043.0,6023,12788,9802.0,8301,2002-01-01
Baix Ebre,16182,15752,9668.0,4959,32940,17079.0,3360,2002-01-01
Baix Empordà,19388,12218,4488.0,2785,13231,9051.0,9099,2002-01-01
Baix Llobregat,12317,5741,1412.0,1529,2341,2747.0,22493,2002-01-01
Baix Penedès,5113,9183,85.0,1877,7121,381.0,5820,2002-01-01
Barcelonès,1855,143,462.0,183,163,182.0,11382,2002-01-01
Berguedà,44084,6293,42794.0,8191,10335,118.0,6695,2002-01-01
Cerdanya,19077,2508,25538.0,3143,1993,959.0,1767,2002-01-01
Conca de Barberà,11752,14633,4610.0,5072,27171,366.0,1416,2002-01-01
Garraf,4479,2523,3535.0,2557,1916,171.0,3279,2002-01-01
Garrigues,13222,12085,2951.0,2019,37664,10616.0,1233,2002-01-01
Garrotxa,32160,14288,11600.0,4547,7620,1256.0,1959,2002-01-01
Gironès,19690,12827,1492.0,2785,11589,4770.0,4447,2002-01-01
Maresme,17252,1993,3134.0,2343,1423,3467.0,10138,2002-01-01
Montsià,10615,9961,3623.0,5983,21325,19589.0,2694,2002-01-01
Noguera,15372,60268,17253.0,6703,50766,24188.0,3790,2002-01-01
Osona,54057,14810,13240.0,7200,30263,457.0,6243,2002-01-01
Pallars Jussà,29091,35228,41554.0,7157,17528,2993.0,859,2002-01-01
Pallars Sobirà,61845,2935,55147.0,13192,2104,285.0,382,2002-01-01
Pla d'Urgell,12,0,504.0,273,762,26260.0,2759,2002-01-01
Pla de l'Estany,10820,2945,898.0,987,8213,962.0,1495,2002-01-01
Priorat,8668,11490,6067.0,5459,13796,2168.0,2022,2002-01-01
Ribera d'Ebre,22953,15956,5241.0,8903,21254,7250.0,1043,2002-01-01
Ripollès,39566,3041,46912.0,4460,723,29.0,1059,2002-01-01
Segarra,3897,15086,2758.0,574,47310,138.0,2507,2002-01-01
Segrià,5710,9741,10382.0,1917,39837,65599.0,6534,2002-01-01
Selva,61379,13393,3242.0,3392,7151,4412.0,6681,2002-01-01
Solsonès,46894,10643,19278.0,4058,17949,53.0,1305,2002-01-01
Tarragonès,3244,3357,319.0,3345,8197,4043.0,9235,2002-01-01
Terra Alta,17496,15782,2336.0,2378,31666,450.0,4102,2002-01-01
Urgell,2194,2752,2467.0,1107,31405,15590.0,2415,2002-01-01
Aran,10500,4986,37600.0,9630,58,0.0,516,2002-01-01
Vallès Occidental,28478,4700,800.0,483,4889,581.0,18369,2002-01-01
Vallès Oriental,42124,9269,5437.0,3286,8861,2895.0,13298,2002-01-01
Catalunya,914195,476018,509933.0,175501,658951,259850.0,214817,2002-01-01
Metropolità,122165,36505,15024.0,13964,42821,10204.0,83267,2002-01-01
Comarques Gironines,221295,79285,91419.0,22257,72243,33603.0,38808,2002-01-01
Camp de Tarragona,53573,60605,19610.0,25915,88772,20740.0,30295,2002-01-01
Terres de l'Ebre,67246,57451,20868.0,22223,107185,44368.0,11199,2002-01-01
Ponent,40407,99932,36315.0,12593,207744,142391.0,19238,2002-01-01
Comarques Centrals,235068,61909,93777.0,27227,114537,2438.0,26714,2002-01-01
Alt Pirineu i Aran,174441,80331,232920.0,51322,25649,6106.0,5296,2002-01-01
Barcelona,304770,85104,85781.0,36978,139015,12643.0,108509,2002-01-01
Girona,229160,82932,107680.0,22930,73852,34400.0,40121,2002-01-01
Lleida,259446,189926,275994.0,67455,250127,147699.0,24693,2002-01-01
Tarragona,120819,118056,40478.0,48138,195957,65108.0,41494,2002-01-01
Alt Camp,10148,8817,3486.0,4139,19700,3979.0,3501,2003-01-01
Alt Empordà,36673,20025,19449.0,3450,29248,12997.0,14019,2003-01-01
Alt Penedès,15660,12092,249.0,3620,23248,185.0,4266,2003-01-01
Alt Urgell,43220,27518,52687.0,14312,3636,1822.0,1505,2003-01-01
Alta Ribagorça,10708,7156,20455.0,3888,271,45.0,267,2003-01-01
Anoia,29846,9520,7619.0,3734,30833,464.0,4734,2003-01-01
Bages,61572,22270,8708.0,3441,24744,1313.0,7912,2003-01-01
Baix Camp,14648,13125,4864.0,5921,12831,10040.0,8301,2003-01-01
Baix Ebre,16182,15752,9668.0,4959,32886,17133.0,3360,2003-01-01
Baix Empordà,19388,12218,4488.0,2785,13231,9051.0,9099,2003-01-01
Baix Llobregat,12319,5776,1415.0,1531,2270,2652.0,22617,2003-01-01
Baix Penedès,5113,9183,187.0,1877,7038,362.0,5820,2003-01-01
Barcelonès,1855,143,463.0,183,163,181.0,11382,2003-01-01
Berguedà,44099,6557,42150.0,9363,10306,119.0,5916,2003-01-01
Cerdanya,19107,2508,25311.0,3038,2255,981.0,1785,2003-01-01
Conca de Barberà,11752,14633,4380.0,5162,27252,425.0,1416,2003-01-01
Garraf,4479,2523,3535.0,2557,1918,163.0,3285,2003-01-01
Garrigues,13222,12085,2932.0,2014,39060,9244.0,1233,2003-01-01
Garrotxa,32160,14288,11577.0,4544,7562,1338.0,1961,2003-01-01
Gironès,20665,12827,1247.0,2880,10730,4580.0,4671,2003-01-01
Maresme,17252,1993,3094.0,2344,1452,3441.0,10174,2003-01-01
Montsià,10679,9356,3674.0,7316,21537,18518.0,2710,2003-01-01
Noguera,15372,60268,17253.0,6703,50510,24444.0,3790,2003-01-01
Osona,54002,14879,13247.0,7185,30191,480.0,6286,2003-01-01
Pallars Jussà,29091,35228,41554.0,7157,17528,2993.0,859,2003-01-01
Pallars Sobirà,61845,2935,55147.0,13192,2103,286.0,382,2003-01-01
Pla d'Urgell,11,0,504.0,273,745,26077.0,2960,2003-01-01
Pla de l'Estany,10820,2945,898.0,988,8187,987.0,1495,2003-01-01
Priorat,8668,11490,6067.0,5459,13640,2324.0,2022,2003-01-01
Ribera d'Ebre,23013,15967,5240.0,9289,20614,7386.0,1091,2003-01-01
Ripollès,39566,3041,46810.0,4460,813,41.0,1059,2003-01-01
Segarra,3889,15086,2774.0,560,47289,165.0,2507,2003-01-01
Segrià,5710,9741,10363.0,1917,39655,65800.0,6534,2003-01-01
Selva,61328,13353,3198.0,3392,7247,4446.0,6686,2003-01-01
Solsonès,46894,10643,19185.0,4058,18032,63.0,1305,2003-01-01
Tarragonès,3242,3353,284.0,2038,8254,4016.0,10553,2003-01-01
Terra Alta,17554,15766,3327.0,4004,31850,459.0,1250,2003-01-01
Urgell,2194,2752,2467.0,1107,31405,15590.0,2415,2003-01-01
Aran,10500,4986,37607.0,9630,51,0.0,516,2003-01-01
Vallès Occidental,28478,4697,800.0,483,4791,609.0,18442,2003-01-01
Vallès Oriental,42122,9268,5476.0,3362,8801,2914.0,13302,2003-01-01
Alt Camp,10148,8790,3486.0,4139,19727,3979.0,3501,2004-01-01
Alt Empordà,55096,13884,12546.0,3673,26679,12769.0,10419,2004-01-01
Alt Penedès,15660,11901,212.0,3152,23622,190.0,4583,2004-01-01
Alt Urgell,43220,27518,52653.0,14312,3638,1854.0,1505,2004-01-01
Alta Ribagorça,10708,7156,19995.0,3888,592,184.0,267,2004-01-01
Anoia,29756,9489,7710.0,3726,30867,466.0,4736,2004-01-01
Bages,60564,23339,8345.0,3455,25137,1207.0,7913,2004-01-01
Baix Camp,14640,13110,4792.0,5921,12875,10091.0,8301,2004-01-01
Baix Ebre,15899,15440,9256.0,5047,32773,18165.0,3360,2004-01-01
Baix Empordà,19582,12318,4288.0,2777,13206,9082.0,9007,2004-01-01
Baix Llobregat,12315,5776,1331.0,1534,2332,2679.0,22613,2004-01-01
Baix Penedès,5113,9183,187.0,1887,7036,364.0,5810,2004-01-01
Barcelonès,1858,150,477.0,182,154,156.0,11393,2004-01-01
Berguedà,42383,8273,41679.0,9539,10287,117.0,6234,2004-01-01
Cerdanya,19117,2508,25442.0,3002,2169,992.0,1755,2004-01-01
Conca de Barberà,11752,14633,4510.0,5030,27252,427.0,1416,2004-01-01
Garraf,4479,2523,3525.0,2557,1925,166.0,3285,2004-01-01
Garrigues,13222,12085,2799.0,2014,38129,10308.0,1233,2004-01-01
Garrotxa,40321,13003,6347.0,2865,7995,1417.0,1482,2004-01-01
Gironès,20984,13414,1519.0,2403,10097,4117.0,5066,2004-01-01
Maresme,17252,1991,3079.0,2344,1475,3434.0,10175,2004-01-01
Montsià,10311,9093,3534.0,7212,21874,19116.0,2650,2004-01-01
Noguera,15372,60268,17253.0,6703,50107,24847.0,3790,2004-01-01
Osona,53506,14307,14711.0,7179,30074,625.0,5947,2004-01-01
Pallars Jussà,29091,35228,41554.0,7157,17519,3002.0,859,2004-01-01
Pallars Sobirà,61845,2935,55147.0,13192,2097,292.0,382,2004-01-01
Pla d'Urgell,11,0,493.0,273,740,26093.0,2960,2004-01-01
Pla de l'Estany,10820,2945,898.0,988,8180,987.0,1502,2004-01-01
Priorat,8668,11490,6067.0,5459,13639,2325.0,2022,2004-01-01
Ribera d'Ebre,23015,15967,5240.0,9248,20391,7506.0,1233,2004-01-01
Ripollès,39566,3995,46107.0,4485,556,22.0,1059,2004-01-01
Segarra,3889,15086,2760.0,574,47288,166.0,2507,2004-01-01
Segrià,5710,9731,10210.0,1917,39267,66351.0,6534,2004-01-01
Selva,61093,13406,3203.0,3376,7114,4407.0,6541,2004-01-01
Solsonès,46894,10643,19185.0,4058,18031,64.0,1305,2004-01-01
Tarragonès,3241,3350,284.0,2022,8282,4000.0,10561,2004-01-01
Terra Alta,17554,15766,3235.0,4004,31938,446.0,1267,2004-01-01
Urgell,2194,2752,2467.0,1107,31396,15599.0,2415,2004-01-01
Aran,10500,4986,37607.0,9630,51,0.0,516,2004-01-01
Vallès Occidental,28459,4695,780.0,485,4768,675.0,18438,2004-01-01
Vallès Oriental,41976,9387,5295.0,3259,8870,3081.0,13302,2004-01-01
Alt Camp,10148,8787,3486.0,4139,19730,3979.0,3501,2005-01-01
Alt Empordà,62832,7469,13357.0,6512,26717,12782.0,5398,2005-01-01
Alt Penedès,12536,15249,432.0,1978,23070,201.0,5854,2005-01-01
Alt Urgell,43220,27518,52636.0,14312,3620,1889.0,1505,2005-01-01
Alta Ribagorça,6176,10156,24345.0,918,592,184.0,419,2005-01-01
Anoia,30522,13803,5186.0,1972,29461,380.0,5426,2005-01-01
Bages,65353,26160,2317.0,3795,24710,1158.0,6467,2005-01-01
Baix Camp,14641,13132,4810.0,5891,12905,10050.0,8301,2005-01-01
Baix Ebre,16063,15740,9655.0,5037,32643,17401.0,3401,2005-01-01
Baix Empordà,19582,12318,4278.0,2777,13176,9122.0,9007,2005-01-01
Baix Llobregat,11701,10782,1575.0,2863,2359,2751.0,16549,2005-01-01
Baix Penedès,5113,9078,187.0,1887,7141,364.0,5810,2005-01-01
Barcelonès,1594,941,134.0,118,28,89.0,11466,2005-01-01
Berguedà,58990,15429,28439.0,2544,10742,118.0,2250,2005-01-01
Cerdanya,21492,2204,25047.0,2147,1910,838.0,1347,2005-01-01
Conca de Barberà,11752,14633,4510.0,5030,27222,457.0,1416,2005-01-01
Garraf,3348,7118,364.0,734,1911,170.0,4815,2005-01-01
Garrigues,13222,12085,2877.0,2014,38056,10303.0,1233,2005-01-01
Garrotxa,40981,14156,5232.0,1024,8200,1575.0,2232,2005-01-01
Gironès,20941,13414,1488.0,2388,10133,4184.0,5052,2005-01-01
Maresme,20489,2994,879.0,1792,1314,3310.0,8972,2005-01-01
Montsià,9287,12690,1132.0,5387,23159,19037.0,3098,2005-01-01
Noguera,15342,60238,17186.0,6769,50075,24864.0,3866,2005-01-01
Osona,63214,12769,9613.0,4548,29941,614.0,5652,2005-01-01
Pallars Jussà,29091,35228,41552.0,7157,17517,3006.0,859,2005-01-01
Pallars Sobirà,61845,2935,55147.0,13192,2077,312.0,382,2005-01-01
Pla d'Urgell,26,0,499.0,1166,846,26149.0,1884,2005-01-01
Pla de l'Estany,10820,2945,898.0,988,8173,985.0,1511,2005-01-01
Priorat,8668,11490,5867.0,5459,13645,2519.0,2022,2005-01-01
Ribera d'Ebre,22920,15798,5568.0,10459,19507,7226.0,1122,2005-01-01
Ripollès,39566,3995,46006.0,4487,652,20.0,1064,2005-01-01
Segarra,3889,15086,2760.0,574,47278,176.0,2507,2005-01-01
Segrià,5710,9731,10183.0,1917,38921,66724.0,6534,2005-01-01
Selva,60384,13301,2918.0,2540,7020,4380.0,9109,2005-01-01
Solsonès,57433,5972,14532.0,2820,18249,70.0,1104,2005-01-01
Tarragonès,2902,3934,819.0,3129,8886,3858.0,8212,2005-01-01
Terra Alta,32390,8602,603.0,1284,29401,372.0,1558,2005-01-01
Urgell,2164,2781,2712.0,1222,31295,15629.0,2127,2005-01-01
Aran,10500,9597,41702.0,773,51,0.0,667,2005-01-01
Vallès Occidental,22855,8070,806.0,2537,4834,721.0,18295,2005-01-01
Vallès Oriental,45419,7284,2735.0,2902,8794,3104.0,14932,2005-01-01
Alt Camp,10148,8787,3472.0,4139,19744,3979.0,3501,2006-01-01
Alt Empordà,63226,7901,15478.0,6691,24445,12619.0,5343,2006-01-01
Alt Penedès,12536,15249,690.0,1978,22833,162.0,5872,2006-01-01
Alt Urgell,57549,34772,41572.0,3666,4034,2399.0,708,2006-01-01
Alta Ribagorça,6180,10156,24439.0,827,592,184.0,412,2006-01-01
Anoia,29601,13823,5889.0,1994,29610,372.0,5461,2006-01-01
Bages,66181,27241,3228.0,3769,21765,909.0,6744,2006-01-01
Baix Camp,14641,13132,4810.0,5891,12905,10050.0,8301,2006-01-01
Baix Ebre,16035,15689,9608.0,5194,32585,17431.0,3398,2006-01-01
Baix Empordà,19682,12318,4178.0,2777,13166,9132.0,9007,2006-01-01
Baix Llobregat,11678,10898,1502.0,2684,2962,2487.0,16369,2006-01-01
Baix Penedès,7244,7970,35.0,1354,7827,321.0,4829,2006-01-01
Barcelonès,1598,941,133.0,109,28,76.0,11485,2006-01-01
Berguedà,60112,15511,28174.0,2362,10083,69.0,2201,2006-01-01
Cerdanya,24426,13086,11311.0,1396,2145,923.0,1719,2006-01-01
Conca de Barberà,11752,14633,4510.0,5030,27245,434.0,1416,2006-01-01
Garraf,3544,6916,342.0,738,1891,170.0,4859,2006-01-01
Garrigues,13222,11917,3041.0,1063,36101,12108.0,2338,2006-01-01
Garrotxa,41011,14156,5231.0,1025,8208,1567.0,2232,2006-01-01
Gironès,21031,13409,1524.0,2462,9863,4229.0,5082,2006-01-01
Maresme,20489,2994,923.0,2058,833,2957.0,9496,2006-01-01
Montsià,9081,12818,947.0,5392,23501,18961.0,3090,2006-01-01
Noguera,15328,60238,19806.0,4899,49330,25442.0,3297,2006-01-01
Osona,66828,10189,9327.0,4758,28719,601.0,5929,2006-01-01
Pallars Jussà,29091,35228,44331.0,3262,17529,3014.0,1955,2006-01-01
Pallars Sobirà,61845,2935,65663.0,1660,2071,321.0,1395,2006-01-01
Pla d'Urgell,28,0,595.0,1147,726,26263.0,1811,2006-01-01
Pla de l'Estany,10820,2945,898.0,988,8158,984.0,1527,2006-01-01
Priorat,8668,11490,5867.0,5577,13645,2519.0,1904,2006-01-01
Ribera d'Ebre,22920,15798,5349.0,10429,18443,7722.0,1939,2006-01-01
Ripollès,39566,3995,45980.0,4487,678,20.0,1064,2006-01-01
Segarra,3889,14833,3465.0,764,47204,188.0,1927,2006-01-01
Segrià,5701,9414,7769.0,6431,37409,66815.0,6181,2006-01-01
Selva,60280,13414,3262.0,2540,6752,4285.0,9109,2006-01-01
Solsonès,73742,1315,3034.0,1418,19135,51.0,1485,2006-01-01
Tarragonès,2099,6276,476.0,1753,9187,3919.0,8640,2006-01-01
Terra Alta,32408,8598,591.0,1284,29403,368.0,1558,2006-01-01
Urgell,2324,2610,2780.0,1172,31074,15929.0,2041,2006-01-01
Aran,27037,8717,25914.0,883,51,0.0,688,2006-01-01
Vallès Occidental,23036,8065,1170.0,2494,4173,601.0,18761,2006-01-01
Vallès Oriental,46408,7255,2655.0,2951,8398,2560.0,14943,2006-01-01
Alt Camp,14389,12211,0.0,1107,18849,4123.0,3091,2007-01-01
Alt Empordà,55096,25211,12507.0,4471,18625,12017.0,7776,2007-01-01
Alt Penedès,13642,13081,1819.0,2158,22596,155.0,5869,2007-01-01
Alt Urgell,91678,37041,5351.0,2344,3950,2332.0,2004,2007-01-01
Alta Ribagorça,16331,22902,1542.0,826,591,185.0,413,2007-01-01
Anoia,29881,14081,5375.0,2514,29030,368.0,5501,2007-01-01
Bages,66645,23948,4425.0,5048,21937,827.0,7130,2007-01-01
Baix Camp,19151,17272,874.0,8468,5519,11575.0,6871,2007-01-01
Baix Ebre,14096,24441,2296.0,4826,31702,17719.0,4856,2007-01-01
Baix Empordà,29770,6459,1842.0,3562,12067,9140.0,7420,2007-01-01
Baix Llobregat,11752,10222,1265.0,3414,2462,2425.0,17040,2007-01-01
Baix Penedès,7183,7996,0.0,1463,8358,287.0,4293,2007-01-01
Barcelonès,1597,941,133.0,117,24,65.0,11493,2007-01-01
Berguedà,59703,19354,24768.0,2504,9834,86.0,2263,2007-01-01
Cerdanya,24540,16575,7954.0,999,2116,790.0,2032,2007-01-01
Conca de Barberà,20690,13511,544.0,3062,24795,336.0,2082,2007-01-01
Garraf,3541,6772,460.0,947,1735,123.0,4882,2007-01-01
Garrigues,13441,15604,121.0,1033,35584,11674.0,2333,2007-01-01
Garrotxa,56601,2372,5252.0,1083,4689,1296.0,2137,2007-01-01
Gironès,33645,2100,215.0,2046,10076,4271.0,5247,2007-01-01
Maresme,20557,2224,2015.0,2176,744,2875.0,9159,2007-01-01
Montsià,9248,13232,1004.0,5500,22776,18959.0,3071,2007-01-01
Noguera,59370,36827,323.0,4875,46935,26715.0,3295,2007-01-01
Osona,73177,11580,3227.0,4422,27790,601.0,5554,2007-01-01
Pallars Jussà,55484,50915,3490.0,3245,16392,2939.0,1945,2007-01-01
Pallars Sobirà,62869,61719,6322.0,1642,1657,291.0,1390,2007-01-01
Pla d'Urgell,25,509,86.0,1008,505,26636.0,1801,2007-01-01
Pla de l'Estany,13926,1156,439.0,830,7319,1125.0,1525,2007-01-01
Priorat,19952,15730,0.0,1064,9938,2048.0,938,2007-01-01
Ribera d'Ebre,19461,25866,7447.0,7382,14083,6376.0,1985,2007-01-01
Ripollès,41810,4279,43432.0,4071,699,6.0,1496,2007-01-01
Segarra,9429,13520,1900.0,742,44573,201.0,1905,2007-01-01
Segrià,9134,17406,489.0,6366,34532,65607.0,6186,2007-01-01
Selva,69998,6963,1755.0,2995,5094,4084.0,8729,2007-01-01
Solsonès,58569,18997,820.0,1599,18839,51.0,1305,2007-01-01
Tarragonès,4082,4579,0.0,1889,8905,3941.0,8344,2007-01-01
Terra Alta,25535,16926,0.0,937,29216,332.0,1295,2007-01-01
Urgell,3540,4485,239.0,1163,30840,15556.0,2107,2007-01-01
Aran,21823,35232,4606.0,883,58,0.0,688,2007-01-01
Vallès Occidental,23187,7208,1176.0,3020,4089,572.0,19048,2007-01-01
Vallès Oriental,46458,6697,3374.0,3792,8014,2498.0,14337,2007-01-01
Alt Camp,14385,12211,0.0,1121,18785,4165.0,3103,2008-01-01
Alt Empordà,55210,25183,4602.0,4382,24605,13919.0,7802,2008-01-01
Alt Penedès,13645,13081,1836.0,2166,22423,300.0,5869,2008-01-01
Alt Urgell,91672,36999,5641.0,2378,3802,2262.0,1946,2008-01-01
Alta Ribagorça,16332,22905,1541.0,829,590,180.0,413,2008-01-01
Anoia,29627,14136,5499.0,2520,28971,438.0,5559,2008-01-01
Bages,66164,24310,4522.0,4900,21948,821.0,7295,2008-01-01
Baix Camp,19137,17272,5552.0,3120,6472,11890.0,6287,2008-01-01
Baix Ebre,14537,24349,2586.0,4691,31024,17846.0,4907,2008-01-01
Baix Empordà,29873,6459,2711.0,4074,12153,8906.0,6084,2008-01-01
Baix Llobregat,11666,10255,1957.0,3512,2084,2102.0,17004,2008-01-01
Baix Penedès,7214,8051,0.0,1475,8167,371.0,4302,2008-01-01
Barcelonès,1416,1043,125.0,156,25,56.0,11549,2008-01-01
Berguedà,63420,19694,20960.0,2325,9916,87.0,2110,2008-01-01
Cerdanya,24549,16888,7368.0,1081,2286,822.0,2012,2008-01-01
Conca de Barberà,20715,13504,460.0,3028,24872,341.0,2100,2008-01-01
Garraf,3848,6711,469.0,938,1647,134.0,4713,2008-01-01
Garrigues,13464,15604,34.0,1062,35885,11404.0,2337,2008-01-01
Garrotxa,56658,2381,4108.0,1122,5760,1294.0,2107,2008-01-01
Gironès,33570,2100,220.0,1924,10425,4237.0,5124,2008-01-01
Maresme,20582,2224,1875.0,2180,726,2909.0,9254,2008-01-01
Montsià,9293,13232,2726.0,5633,21511,18324.0,3071,2008-01-01
Noguera,59700,36827,584.0,4950,46189,26676.0,3414,2008-01-01
Osona,74231,11606,4088.0,4517,25507,721.0,5681,2008-01-01
Pallars Jussà,55483,50915,4497.0,3225,15714,2807.0,1769,2008-01-01
Pallars Sobirà,62943,61718,6274.0,1664,1634,263.0,1394,2008-01-01
Pla d'Urgell,33,509,10.0,1147,592,26408.0,1871,2008-01-01
Pla de l'Estany,13924,1272,523.0,822,7263,1149.0,1367,2008-01-01
Priorat,19971,15730,0.0,1091,9890,2039.0,949,2008-01-01
Ribera d'Ebre,19593,25876,7424.0,8357,12480,6796.0,2074,2008-01-01
Ripollès,51918,4318,34338.0,2670,1117,9.0,1420,2008-01-01
Segarra,9437,13520,1899.0,772,44452,229.0,1961,2008-01-01
Segrià,9116,17268,489.0,6850,34297,65238.0,6462,2008-01-01
Selva,69897,6743,2067.0,3020,5014,4116.0,8785,2008-01-01
Solsonès,58561,18913,909.0,1641,18818,24.0,1314,2008-01-01
Tarragonès,4080,4579,0.0,2349,8561,3630.0,8541,2008-01-01
Terra Alta,25824,17164,0.0,933,28062,923.0,1304,2008-01-01
Urgell,3580,5180,92.0,1170,30435,15354.0,2119,2008-01-01
Aran,21856,35232,4566.0,862,51,0.0,723,2008-01-01
Vallès Occidental,23326,7555,554.0,3132,4050,584.0,19116,2008-01-01
Vallès Oriental,46416,7094,3763.0,3895,7195,2479.0,14311,2008-01-01
Alt Camp,14355,12211,0.0,1196,18666,4064.0,3278,2009-01-01
Alt Empordà,55016,25032,3494.0,4630,24992,14622.0,7917,2009-01-01
Alt Penedès,13610,13093,1856.0,2242,22379,282.0,5859,2009-01-01
Alt Urgell,91975,36999,5632.0,2349,3714,2193.0,1839,2009-01-01
Alta Ribagorça,16331,22906,1541.0,829,590,180.0,413,2009-01-01
Anoia,29550,14191,5517.0,2522,28967,447.0,5556,2009-01-01
Bages,66164,24315,4666.0,4839,21836,760.0,7380,2009-01-01
Baix Camp,19122,17275,5016.0,3471,6826,11577.0,6444,2009-01-01
Baix Ebre,17398,23045,5189.0,5167,27940,16659.0,4543,2009-01-01
Baix Empordà,29774,6509,2958.0,4127,12027,8715.0,6150,2009-01-01
Baix Llobregat,11493,10376,1925.0,4217,1874,1742.0,16953,2009-01-01
Baix Penedès,7070,8154,0.0,1475,8077,411.0,4393,2009-01-01
Barcelonès,1416,1043,131.0,162,13,48.0,11557,2009-01-01
Berguedà,63231,19976,21168.0,2573,9300,78.0,2186,2009-01-01
Cerdanya,24566,16862,7445.0,1044,2200,821.0,2068,2009-01-01
Conca de Barberà,20740,13510,457.0,2952,24829,352.0,2180,2009-01-01
Garraf,3846,6717,483.0,966,1625,165.0,4658,2009-01-01
Garrigues,13465,15604,2.0,1156,35320,11842.0,2401,2009-01-01
Garrotxa,56611,2381,4101.0,1214,5556,1308.0,2259,2009-01-01
Gironès,33456,2100,211.0,1985,10315,4369.0,5164,2009-01-01
Maresme,20477,2224,1797.0,2223,804,2863.0,9362,2009-01-01
Montsià,9324,13237,2732.0,5691,21635,18046.0,3126,2009-01-01
Noguera,59631,36450,1126.0,5043,46211,26160.0,3720,2009-01-01
Osona,74798,11606,4447.0,4688,24251,707.0,5854,2009-01-01
Pallars Jussà,55488,50915,4497.0,3249,15685,2807.0,1769,2009-01-01
Pallars Sobirà,63035,62115,6257.0,1665,1249,175.0,1394,2009-01-01
Pla d'Urgell,31,164,793.0,1296,564,25771.0,1951,2009-01-01
Pla de l'Estany,13922,1272,478.0,826,7309,1147.0,1367,2009-01-01
Priorat,19961,15730,0.0,1126,9794,2001.0,1058,2009-01-01
Ribera d'Ebre,21896,23736,7501.0,8436,11800,7092.0,2138,2009-01-01
Ripollès,52053,4312,34207.0,2679,1116,6.0,1417,2009-01-01
Segarra,9480,13520,1896.0,762,44444,220.0,1948,2009-01-01
Segrià,9138,17268,489.0,6748,33637,65833.0,6607,2009-01-01
Selva,69837,6695,1804.0,3298,5037,4145.0,8826,2009-01-01
Solsonès,58558,18913,2831.0,1513,17554,25.0,786,2009-01-01
Tarragonès,4046,4579,0.0,2552,8447,3523.0,8593,2009-01-01
Terra Alta,25847,17164,20.0,955,27874,1007.0,1343,2009-01-01
Urgell,3575,5180,83.0,1168,30446,15359.0,2119,2009-01-01
Aran,21857,35232,4517.0,895,51,0.0,738,2009-01-01
Vallès Occidental,23342,7555,561.0,3113,4000,595.0,19134,2009-01-01
Vallès Oriental,46388,7284,3430.0,3775,7061,2483.0,14749,2009-01-01
Alt Camp,14429,12211,0.0,1231,18518,4067.0,3315,2010-01-01
Alt Empordà,55096,25076,2492.0,4671,25230,15088.0,8050,2010-01-01
Alt Penedès,13726,13076,1804.0,2229,22302,286.0,5897,2010-01-01
Alt Urgell,91930,36977,5612.0,2449,3622,2202.0,1909,2010-01-01
Alta Ribagorça,16382,22850,1545.0,836,590,180.0,407,2010-01-01
Anoia,29504,14419,5325.0,2484,28935,446.0,5638,2010-01-01
Bages,65912,24940,4414.0,4761,21764,745.0,7424,2010-01-01
Baix Camp,19122,17274,5758.0,3568,6355,11208.0,6444,2010-01-01
Baix Ebre,16035,23045,6225.0,5297,27543,16682.0,5113,2010-01-01
Baix Empordà,29773,6493,2886.0,4086,12014,8870.0,6139,2010-01-01
Baix Llobregat,11490,10499,1909.0,4218,1828,1745.0,16891,2010-01-01
Baix Penedès,7175,8104,0.0,1580,7860,453.0,4409,2010-01-01
Barcelonès,1233,1144,217.0,142,13,48.0,11574,2010-01-01
Berguedà,63278,20629,20410.0,2364,9513,25.0,2291,2010-01-01
Cerdanya,24263,16878,7674.0,1015,2273,768.0,2136,2010-01-01
Conca de Barberà,20722,13510,471.0,2948,24797,383.0,2188,2010-01-01
Garraf,3855,6729,481.0,960,1604,173.0,4658,2010-01-01
Garrigues,13450,15542,2.0,1198,34974,12177.0,2448,2010-01-01
Garrotxa,56454,2384,4496.0,1266,5144,1304.0,2383,2010-01-01
Gironès,33430,2100,85.0,1827,10480,4369.0,5309,2010-01-01
Maresme,20466,2442,1654.0,2178,832,2765.0,9412,2010-01-01
Montsià,9282,13237,2549.0,5786,21605,18282.0,3049,2010-01-01
Noguera,59575,37193,345.0,5234,46035,26296.0,3662,2010-01-01
Osona,74766,11563,4967.0,4645,23931,523.0,5955,2010-01-01
Pallars Jussà,55478,50913,4297.0,3288,15664,2807.0,1963,2010-01-01
Pallars Sobirà,63031,62120,6440.0,1663,1049,187.0,1401,2010-01-01
Pla d'Urgell,33,216,761.0,1299,629,25741.0,1892,2010-01-01
Pla de l'Estany,13893,1272,692.0,836,7267,1039.0,1321,2010-01-01
Priorat,19918,15730,0.0,1124,9851,1989.0,1057,2010-01-01
Ribera d'Ebre,22293,23736,7411.0,8683,10953,7380.0,2144,2010-01-01
Ripollès,53534,4308,32736.0,2652,1141,6.0,1413,2010-01-01
Segarra,9469,13441,1771.0,853,44396,238.0,2103,2010-01-01
Segrià,9054,17072,489.0,7121,32626,66466.0,6892,2010-01-01
Selva,70039,6553,1726.0,3269,5060,4155.0,8840,2010-01-01
Solsonès,58327,18907,3587.0,1746,16523,29.0,1062,2010-01-01
Tarragonès,4061,4579,0.0,2507,8339,3705.0,8550,2010-01-01
Terra Alta,25874,17796,23.0,1001,27036,1083.0,1397,2010-01-01
Urgell,3571,5182,87.0,1260,30266,15352.0,2212,2010-01-01
Aran,21877,35232,4544.0,903,51,2.0,682,2010-01-01
Vallès Occidental,23337,7623,549.0,3080,3970,607.0,19134,2010-01-01
Vallès Oriental,46699,7325,3249.0,3750,6858,2533.0,14757,2010-01-01
Alt Camp,14393,12211,10.0,1283,18469,4089.0,3315,2011-01-01
Alt Empordà,55122,24919,2323.0,4685,25504,15095.0,8054,2011-01-01
Alt Penedès,13692,13089,1761.0,2264,22234,353.0,5926,2011-01-01
Alt Urgell,91940,36841,5767.0,2495,3504,2088.0,2065,2011-01-01
Alta Ribagorça,16331,22930,1519.0,830,590,180.0,410,2011-01-01
Anoia,29483,15271,4630.0,2387,28867,455.0,5658,2011-01-01
Bages,66044,24805,4504.0,4352,21859,760.0,7636,2011-01-01
Baix Camp,19105,17310,3911.0,3738,6926,11613.0,7128,2011-01-01
Baix Ebre,15166,24232,6048.0,4526,27447,16927.0,5595,2011-01-01
Baix Empordà,29732,6488,3132.0,2953,11986,8861.0,7108,2011-01-01
Baix Llobregat,11430,10484,1932.0,4288,1831,1714.0,16900,2011-01-01
Baix Penedès,7203,8104,3.0,1304,7643,453.0,4870,2011-01-01
Barcelonès,1232,1144,216.0,133,13,47.0,11584,2011-01-01
Berguedà,69679,18697,15953.0,2242,9524,28.0,2389,2011-01-01
Cerdanya,24411,16884,7601.0,1057,2182,759.0,2110,2011-01-01
Conca de Barberà,20797,13510,323.0,2898,24939,385.0,2167,2011-01-01
Garraf,3851,6729,415.0,956,1658,172.0,4678,2011-01-01
Garrigues,13487,15609,121.0,1376,34640,12035.0,2523,2011-01-01
Garrotxa,56670,2389,4348.0,1276,5022,1312.0,2413,2011-01-01
Gironès,33488,2094,103.0,1984,10221,4454.0,5256,2011-01-01
Maresme,20428,2708,1329.0,2099,861,2739.0,9586,2011-01-01
Montsià,9265,13609,2549.0,5416,21461,18377.0,3113,2011-01-01
Noguera,59396,36899,311.0,5555,45866,26133.0,4180,2011-01-01
Osona,74728,11400,4932.0,4649,23914,432.0,6297,2011-01-01
Pallars Jussà,55264,52014,3200.0,3654,15302,2785.0,2192,2011-01-01
Pallars Sobirà,63095,62116,6457.0,1681,986,186.0,1369,2011-01-01
Pla d'Urgell,32,203,770.0,1410,583,25508.0,2064,2011-01-01
Pla de l'Estany,13943,1262,641.0,922,7196,1031.0,1325,2011-01-01
Priorat,19909,15730,0.0,1143,9806,1998.0,1083,2011-01-01
Ribera d'Ebre,22462,23736,7431.0,8535,10663,7595.0,2178,2011-01-01
Ripollès,64603,4167,22164.0,2482,1148,3.0,1222,2011-01-01
Segarra,9442,13400,1733.0,938,44310,253.0,2195,2011-01-01
Segrià,9068,16733,383.0,7648,32070,66674.0,7145,2011-01-01
Selva,69560,6925,1581.0,3290,5157,4149.0,8982,2011-01-01
Solsonès,58259,18693,3233.0,1715,16857,26.0,1397,2011-01-01
Tarragonès,3985,4456,0.0,2719,8033,3829.0,8719,2011-01-01
Terra Alta,25894,17792,29.0,995,26935,1151.0,1413,2011-01-01
Urgell,3548,5221,79.0,1314,30145,15261.0,2364,2011-01-01
Aran,21881,35231,4534.0,907,50,3.0,685,2011-01-01
Vallès Occidental,23273,7514,537.0,3164,3990,631.0,19191,2011-01-01
Vallès Oriental,46468,7590,3040.0,3728,6896,2471.0,14978,2011-01-01
Alt Camp,14393,12209,0.0,1256,18540,4060.0,3311,2012-01-01
Alt Empordà,55174,24924,2284.0,4671,25362,14966.0,8321,2012-01-01
Alt Penedès,13692,13089,1761.0,2281,22158,412.0,5926,2012-01-01
Alt Urgell,91883,36841,5783.0,2516,3507,2097.0,2073,2012-01-01
Alta Ribagorça,16320,22930,1518.0,839,591,180.0,413,2012-01-01
Anoia,29483,15271,4496.0,2244,28891,418.0,5947,2012-01-01
Bages,65988,25131,4100.0,4250,21958,804.0,7729,2012-01-01
Baix Camp,19105,17343,3660.0,3789,7030,11601.0,7200,2012-01-01
Baix Ebre,15166,24825,5892.0,4789,27149,16640.0,5479,2012-01-01
Baix Empordà,29733,6488,3173.0,3017,11866,8919.0,7065,2012-01-01
Baix Llobregat,11430,10495,1881.0,4262,1844,1733.0,16936,2012-01-01
Baix Penedès,7202,8002,106.0,1436,7608,462.0,4764,2012-01-01
Barcelonès,1232,1213,120.0,125,13,48.0,11619,2012-01-01
Berguedà,69834,18697,15812.0,2202,9516,28.0,2425,2012-01-01
Cerdanya,24516,16922,7464.0,1058,2174,820.0,2052,2012-01-01
Conca de Barberà,20737,13518,729.0,2522,24934,401.0,2178,2012-01-01
Garraf,3850,6675,399.0,979,1703,176.0,4678,2012-01-01
Garrigues,13487,15555,112.0,1379,34425,11868.0,2963,2012-01-01
Garrotxa,56656,2389,4615.0,1343,4776,1288.0,2364,2012-01-01
Gironès,33488,2094,101.0,1938,10147,4485.0,5346,2012-01-01
Maresme,20426,2708,1164.0,2092,837,2739.0,9785,2012-01-01
Montsià,9243,13336,1941.0,5391,21367,19149.0,3362,2012-01-01
Noguera,59396,36869,324.0,5662,45691,26157.0,4242,2012-01-01
Osona,74916,11401,4648.0,4634,23873,433.0,6446,2012-01-01
Pallars Jussà,55264,52011,3181.0,3670,15279,2785.0,2220,2012-01-01
Pallars Sobirà,63095,62115,6415.0,1733,971,192.0,1369,2012-01-01
Pla d'Urgell,32,203,879.0,1339,595,25554.0,1968,2012-01-01
Pla de l'Estany,13943,1262,538.0,910,7309,1048.0,1309,2012-01-01
Priorat,19897,15698,0.0,1231,9235,2577.0,1031,2012-01-01
Ribera d'Ebre,22457,28284,5674.0,3107,13800,7272.0,2006,2012-01-01
Ripollès,65917,4366,21209.0,909,1780,14.0,1595,2012-01-01
Segarra,9442,13398,1722.0,1046,44054,255.0,2353,2012-01-01
Segrià,9047,16731,369.0,7542,31791,67117.0,7124,2012-01-01
Selva,69558,6677,1410.0,3217,5627,4210.0,8943,2012-01-01
Solsonès,58259,18774,3174.0,1555,16778,46.0,1595,2012-01-01
Tarragonès,3986,4456,0.0,2709,8114,3786.0,8690,2012-01-01
Terra Alta,25894,17816,23.0,1042,26776,1200.0,1460,2012-01-01
Urgell,3531,5220,82.0,1508,29848,15331.0,2410,2012-01-01
Aran,21881,35226,4533.0,919,43,3.0,685,2012-01-01
Vallès Occidental,23336,7514,52.0,3075,4606,527.0,19191,2012-01-01
Vallès Oriental,46471,7590,2940.0,3754,6790,2505.0,15120,2012-01-01
Alt Camp,15735,10591,1265.0,1211,17731,3960.0,3277,2013-01-01
Alt Empordà,40134,37898,5221.0,4536,24812,14538.0,8565,2013-01-01
Alt Penedès,17764,8923,2060.0,2050,21955,482.0,6086,2013-01-01
Alt Urgell,81256,34973,18098.0,2597,3609,2045.0,2123,2013-01-01
Alta Ribagorça,15579,8195,16959.0,872,584,188.0,413,2013-01-01
Anoia,33252,12875,3342.0,2119,28837,394.0,5931,2013-01-01
Bages,69627,21178,3804.0,4019,22932,824.0,7577,2013-01-01
Baix Camp,15604,21721,2006.0,3382,8242,11670.0,7104,2013-01-01
Baix Ebre,17853,24943,3179.0,4920,26956,16631.0,5459,2013-01-01
Baix Empordà,30503,5758,3023.0,2983,12123,8911.0,6959,2013-01-01
Baix Llobregat,12495,10003,2370.0,2887,1939,1715.0,17172,2013-01-01
Baix Penedès,8688,6751,528.0,1427,6959,475.0,4752,2013-01-01
Barcelonès,1187,1183,192.0,103,13,48.0,11643,2013-01-01
Berguedà,71028,19637,13673.0,2163,9558,28.0,2425,2013-01-01
Cerdanya,24981,8038,15490.0,1064,2418,936.0,2080,2013-01-01
Conca de Barberà,19510,14935,1600.0,1298,24974,419.0,2285,2013-01-01
Garraf,5628,5342,177.0,929,1654,154.0,4577,2013-01-01
Garrigues,14788,13870,966.0,1728,33320,12040.0,3079,2013-01-01
Garrotxa,28862,29496,3758.0,1302,6206,1485.0,2322,2013-01-01
Gironès,25141,10616,1100.0,1873,9249,4236.0,5385,2013-01-01
Maresme,15845,7254,1359.0,1886,839,2740.0,9828,2013-01-01
Montsià,6330,16978,1265.0,5209,21320,19317.0,3371,2013-01-01
Noguera,29743,62994,4079.0,6061,43638,27525.0,4301,2013-01-01
Osona,63194,19919,7462.0,4647,24205,456.0,6468,2013-01-01
Pallars Jussà,47341,48977,13907.0,3721,15405,2785.0,2274,2013-01-01
Pallars Sobirà,59827,43021,28711.0,1772,1000,182.0,1377,2013-01-01
Pla d'Urgell,45,350,1095.0,1508,538,25047.0,1987,2013-01-01
Pla de l'Estany,10131,4843,640.0,885,7444,1072.0,1307,2013-01-01
Priorat,17809,19690,0.0,1222,7439,2475.0,1035,2013-01-01
Ribera d'Ebre,27701,24012,5270.0,3019,13268,7299.0,2031,2013-01-01
Ripollès,64335,7403,19703.0,909,1826,19.0,1595,2013-01-01
Segarra,10794,10923,2531.0,1196,44070,394.0,2362,2013-01-01
Segrià,7859,15643,4354.0,7988,28767,67514.0,7594,2013-01-01
Selva,58752,17010,1481.0,3166,5949,4301.0,8984,2013-01-01
Solsonès,58566,14611,6843.0,1598,16919,35.0,1608,2013-01-01
Tarragonès,5276,3304,655.0,2304,7981,3829.0,8392,2013-01-01
Terra Alta,29033,14500,852.0,1075,25925,1320.0,1506,2013-01-01
Urgell,3104,4856,873.0,1689,29603,15331.0,2474,2013-01-01
Aran,23650,17899,20084.0,923,44,3.0,688,2013-01-01
Vallès Occidental,18501,12811,1393.0,2650,4095,551.0,18299,2013-01-01
Vallès Oriental,30350,24482,3212.0,3253,6530,2491.0,14853,2013-01-01
Alt Camp,15736,10585,1250.0,1260,17683,3905.0,3351,2014-01-01
Alt Empordà,37762,42284,3358.0,4666,24349,14538.0,8746,2014-01-01
Alt Penedès,17971,8733,1972.0,2071,21949,501.0,6123,2014-01-01
Alt Urgell,81258,35006,17488.0,2584,4490,1752.0,2122,2014-01-01
Alta Ribagorça,15579,8195,16831.0,1001,579,194.0,411,2014-01-01
Anoia,34390,12262,3086.0,2099,28554,384.0,5975,2014-01-01
Aran,23650,17888,20085.0,936,44,1.0,686,2014-01-01
Bages,55452,19340,3162.0,3827,19915,751.0,6773,2014-01-01
Baix Camp,15697,21832,1967.0,3492,7967,11664.0,7111,2014-01-01
Baix Ebre,17817,24932,3182.0,5027,26712,16744.0,5526,2014-01-01
Baix Empordà,30143,6236,2484.0,2844,12303,9069.0,7181,2014-01-01
Baix Llobregat,12581,10119,500.0,2915,2856,1675.0,17934,2014-01-01
Baix Penedès,8686,6791,529.0,1281,7005,499.0,4789,2014-01-01
Barcelonès,1188,1206,169.0,103,13,46.0,11645,2014-01-01
Berguedà,71585,18974,13276.0,2165,10034,49.0,2429,2014-01-01
Cerdanya,25043,8048,15015.0,1063,2525,1235.0,2077,2014-01-01
Conca de Barberà,19116,15208,1464.0,1437,25078,422.0,2295,2014-01-01
Garraf,5621,5383,164.0,929,1598,150.0,4615,2014-01-01
Garrigues,14801,14344,1151.0,1726,32127,12497.0,3144,2014-01-01
Garrotxa,28628,29337,3717.0,1264,6622,1500.0,2362,2014-01-01
Gironès,25126,10609,722.0,1897,9515,4186.0,5545,2014-01-01
Maresme,15859,7889,1221.0,1864,656,2471.0,9790,2014-01-01
Moianès,20380,5917,1318.0,502,4200,55.0,1408,2014-01-01
Montsià,6201,15535,1336.0,7384,20527,19401.0,3406,2014-01-01
Noguera,27391,65773,4189.0,5985,42932,27725.0,4345,2014-01-01
Osona,61544,19654,7641.0,4778,24207,576.0,6441,2014-01-01
Pallars Jussà,46995,48818,14037.0,4037,15499,2784.0,2240,2014-01-01
Pallars Sobirà,59088,43917,28495.0,1802,1036,183.0,1369,2014-01-01
Pla d'Urgell,45,355,1114.0,1470,534,25050.0,2000,2014-01-01
Pla de l'Estany,10009,4711,683.0,918,7578,1117.0,1304,2014-01-01
Priorat,15545,21969,0.0,1251,7348,2494.0,1063,2014-01-01
Ribera d'Ebre,27717,24054,5170.0,2851,13548,7216.0,2044,2014-01-01
Ripollès,59068,11349,20994.0,852,1865,15.0,1647,2014-01-01
Segarra,10720,10681,2790.0,1174,44180,351.0,2374,2014-01-01
Segrià,7865,16260,4277.0,7463,27525,67961.0,8369,2014-01-01
Selva,58907,16553,1213.0,3359,6304,4340.0,8966,2014-01-01
Solsonès,58575,14601,5768.0,1672,17894,58.0,1612,2014-01-01
Tarragonès,5398,3492,425.0,2412,7695,3784.0,8534,2014-01-01
Terra Alta,26999,16409,909.0,1181,25720,1450.0,1542,2014-01-01
Urgell,3103,4862,875.0,1630,29412,15549.0,2499,2014-01-01
Vallès Occidental,18368,13081,689.0,2736,4473,519.0,18434,2014-01-01
Vallès Oriental,23780,21580,2592.0,3109,5779,2419.0,14381,2014-01-01
Alt Camp,15736,10590,1177.0,1450,17662,3683.0,3472,2015-01-01
Alt Empordà,37773,42997,3190.0,4715,23959,14333.0,8736,2015-01-01
Alt Penedès,17971,8713,1960.0,2052,21996,505.0,6123,2015-01-01
Alt Urgell,81258,35007,17499.0,2664,4358,1798.0,2116,2015-01-01
Alta Ribagorça,15579,7688,17323.0,1017,579,194.0,410,2015-01-01
Anoia,34390,12592,2865.0,2320,28301,262.0,6020,2015-01-01
Aran,23652,17888,20089.0,936,44,1.0,680,2015-01-01
Bages,55373,19404,2721.0,3687,20502,758.0,6775,2015-01-01
Baix Camp,15697,21942,1967.0,3533,7851,11539.0,7201,2015-01-01
Baix Ebre,17817,24814,2895.0,5868,26546,16475.0,5525,2015-01-01
Baix Empordà,30221,6291,2872.0,2952,11945,8759.0,7220,2015-01-01
Baix Llobregat,12581,10101,643.0,2670,2729,1715.0,18141,2015-01-01
Baix Penedès,8686,6786,528.0,1397,6882,513.0,4788,2015-01-01
Barcelonès,1188,1207,81.0,105,12,41.0,11736,2015-01-01
Berguedà,71586,18906,13185.0,2200,10154,51.0,2430,2015-01-01
Cerdanya,25043,8048,15816.0,1073,2127,820.0,2079,2015-01-01
Conca de Barberà,19116,15216,1465.0,1421,25097,413.0,2292,2015-01-01
Garraf,5619,5414,130.0,929,1600,153.0,4615,2015-01-01
Garrigues,14801,14953,1239.0,1729,31371,12562.0,3135,2015-01-01
Garrotxa,28641,29489,4156.0,1293,6175,1335.0,2341,2015-01-01
Gironès,25154,10576,1068.0,1972,9142,4152.0,5536,2015-01-01
Maresme,15859,8002,1178.0,1864,655,2396.0,9796,2015-01-01
Moianès,20380,5917,1318.0,502,4200,55.0,1408,2015-01-01
Montsià,6201,15818,1241.0,7687,20408,19018.0,3417,2015-01-01
Noguera,27291,65252,4180.0,5949,43315,27993.0,4360,2015-01-01
Osona,61310,19662,7848.0,4758,24159,585.0,6519,2015-01-01
Pallars Jussà,45150,48755,15932.0,4030,15525,2784.0,2234,2015-01-01
Pallars Sobirà,59088,44137,28272.0,1810,1039,179.0,1365,2015-01-01
Pla d'Urgell,45,361,1129.0,1454,538,25019.0,2022,2015-01-01
Pla de l'Estany,10011,4713,827.0,927,7446,1088.0,1308,2015-01-01
Priorat,15545,21963,0.0,1242,7462,2393.0,1065,2015-01-01
Ribera d'Ebre,27717,24049,4746.0,2896,13849,7243.0,2100,2015-01-01
Ripollès,59084,11371,21071.0,842,1769,0.0,1653,2015-01-01
Segarra,10710,10648,2427.0,1182,44535,385.0,2383,2015-01-01
Segrià,7865,16260,4277.0,7424,27260,68285.0,8349,2015-01-01
Selva,58647,16641,1169.0,3363,6501,4356.0,8965,2015-01-01
Solsonès,58575,14611,5923.0,1675,17727,53.0,1616,2015-01-01
Tarragonès,5398,3390,384.0,2348,7652,3814.0,8754,2015-01-01
Terra Alta,26999,16393,1002.0,1177,25352,1740.0,1547,2015-01-01
Urgell,3103,4867,879.0,1594,29402,15549.0,2536,2015-01-01
Vallès Occidental,18368,13143,257.0,2614,5219,288.0,18411,2015-01-01
Vallès Oriental,23735,21698,2356.0,3140,5872,2549.0,14290,2015-01-01
Alt Camp,15736,10592,1614.0,1375,17417,3682.0,3355,2016-01-01
Alt Empordà,37781,43043,3326.0,4663,23693,14360.0,8837,2016-01-01
Alt Penedès,17971,8719,2033.0,1988,21918,567.0,6124,2016-01-01
Alt Urgell,81258,35007,17229.0,2845,4387,1854.0,2120,2016-01-01
Alta Ribagorça,15579,7687,17331.0,1019,580,194.0,400,2016-01-01
Anoia,34390,12588,2855.0,2328,28285,264.0,6040,2016-01-01
Aran,23652,17887,20085.0,935,45,0.0,686,2016-01-01
Bages,55373,19418,2528.0,3663,20728,733.0,6777,2016-01-01
Baix Camp,15697,21941,1912.0,3679,7735,11543.0,7223,2016-01-01
Baix Ebre,17817,24844,3180.0,5924,25928,16703.0,5544,2016-01-01
Baix Empordà,30054,6141,2647.0,2693,12076,8924.0,7725,2016-01-01
Baix Llobregat,12581,10106,659.0,2646,2440,1971.0,18177,2016-01-01
Baix Penedès,8686,6778,502.0,1443,6832,538.0,4801,2016-01-01
Barcelonès,1188,1185,81.0,127,12,41.0,11736,2016-01-01
Berguedà,71586,18848,13260.0,2038,10260,59.0,2461,2016-01-01
Cerdanya,25043,8053,15896.0,1054,2076,794.0,2090,2016-01-01
Conca de Barberà,19116,15215,1455.0,1437,25115,399.0,2283,2016-01-01
Garraf,5619,5425,133.0,936,1597,135.0,4615,2016-01-01
Garrigues,15226,14787,1254.0,1715,30210,13407.0,3191,2016-01-01
Garrotxa,28631,29489,4241.0,1280,6060,1398.0,2331,2016-01-01
Gironès,25144,10492,1041.0,1953,9168,4208.0,5594,2016-01-01
Maresme,15863,7991,1176.0,1869,680,2367.0,9804,2016-01-01
Moianès,20380,5890,1248.0,530,4301,51.0,1380,2016-01-01
Montsià,6201,15777,1248.0,7380,20244,19433.0,3507,2016-01-01
Noguera,27625,65388,4074.0,5927,42749,28144.0,4433,2016-01-01
Osona,61300,19570,7848.0,4740,24197,640.0,6546,2016-01-01
Pallars Jussà,45150,48653,15924.0,4046,15618,2787.0,2232,2016-01-01
Pallars Sobirà,59088,44138,28269.0,1810,1039,183.0,1363,2016-01-01
Pla d'Urgell,45,355,1113.0,1442,570,25026.0,2017,2016-01-01
Pla de l'Estany,10011,4715,770.0,946,7435,1113.0,1330,2016-01-01
Priorat,15545,21953,39.0,1241,7443,2383.0,1066,2016-01-01
Ribera d'Ebre,27717,24054,4595.0,2990,13388,7734.0,2122,2016-01-01
Ripollès,59074,11394,21097.0,842,1740,1.0,1642,2016-01-01
Segarra,10702,10626,2042.0,1195,44929,394.0,2382,2016-01-01
Segrià,7865,16260,4277.0,7413,25931,69608.0,8366,2016-01-01
Selva,58641,16513,1133.0,3367,6587,4350.0,9051,2016-01-01
Solsonès,58575,14501,5589.0,1662,18179,53.0,1621,2016-01-01
Tarragonès,5398,3867,1623.0,2338,6757,3770.0,7987,2016-01-01
Terra Alta,26999,16389,992.0,1175,24904,2167.0,1584,2016-01-01
Urgell,3103,4867,879.0,1660,29595,15266.0,2560,2016-01-01
Vallès Occidental,18341,12948,284.0,2633,5140,427.0,18527,2016-01-01
Vallès Oriental,23735,21683,2245.0,3168,5958,2542.0,14309,2016-01-01
Alt Camp,15744,10592,1612.0,1602,17151,3532.0,3538,2017-01-01
Alt Empordà,37967,43112,3268.0,4649,24044,13602.0,9061,2017-01-01
Alt Penedès,17971,8722,2023.0,1910,22000,567.0,6127,2017-01-01
Alt Urgell,81258,35007,17371.0,2873,4302,1770.0,2119,2017-01-01
Alta Ribagorça,15579,7753,17129.0,1153,583,197.0,396,2017-01-01
Anoia,34390,12507,3048.0,2173,28306,256.0,6070,2017-01-01
Aran,23650,17883,20098.0,927,44,0.0,688,2017-01-01
Bages,55373,19406,2629.0,3633,20785,701.0,6693,2017-01-01
Baix Camp,15697,22015,1987.0,3679,7523,11543.0,7286,2017-01-01
Baix Ebre,17797,24958,3469.0,6027,25591,16534.0,5564,2017-01-01
Baix Empordà,30212,5932,2761.0,2703,12034,8854.0,7764,2017-01-01
Baix Llobregat,12563,10029,763.0,2690,2311,2043.0,18181,2017-01-01
Baix Penedès,8682,6798,459.0,1534,6750,547.0,4810,2017-01-01
Barcelonès,1173,1170,81.0,205,13,41.0,11687,2017-01-01
Berguedà,71554,18803,13222.0,2001,10409,51.0,2472,2017-01-01
Cerdanya,25043,8048,15941.0,1062,2037,779.0,2096,2017-01-01
Conca de Barberà,19127,15430,1204.0,1328,25225,403.0,2303,2017-01-01
Garraf,5619,5413,129.0,956,1623,100.0,4620,2017-01-01
Garrigues,14973,14851,1252.0,2336,29565,13595.0,3218,2017-01-01
Garrotxa,28657,29539,4535.0,1272,5661,1393.0,2373,2017-01-01
Gironès,25171,10518,1051.0,1982,9063,4215.0,5600,2017-01-01
Maresme,15861,7994,1183.0,1862,670,2370.0,9810,2017-01-01
Moianès,20380,5903,1179.0,541,4344,52.0,1381,2017-01-01
Montsià,6201,15742,1204.0,7872,20373,18934.0,3464,2017-01-01
Noguera,27291,64800,4030.0,6003,43582,28151.0,4483,2017-01-01
Osona,61288,19512,7944.0,4714,24232,594.0,6557,2017-01-01
Pallars Jussà,45150,48653,16266.0,4031,15346,2734.0,2230,2017-01-01
Pallars Sobirà,59088,44127,28270.0,1802,1040,183.0,1380,2017-01-01
Pla d'Urgell,45,355,595.0,1466,1037,25018.0,2052,2017-01-01
Pla de l'Estany,10011,4715,808.0,899,7388,1105.0,1394,2017-01-01
Priorat,15545,21948,39.0,1279,7409,2376.0,1074,2017-01-01
Ribera d'Ebre,27717,24054,4644.0,2945,13166,7867.0,2207,2017-01-01
Ripollès,59074,11388,21105.0,847,1742,0.0,1634,2017-01-01
Segarra,10710,10631,2015.0,1207,44922,394.0,2391,2017-01-01
Segrià,7865,16260,4269.0,7472,25356,69852.0,8646,2017-01-01
Selva,58600,16438,1076.0,3271,6690,4348.0,9219,2017-01-01
Solsonès,58575,14611,5631.0,1691,18014,44.0,1614,2017-01-01
Tarragonès,5398,3916,1552.0,2350,6691,3503.0,8330,2017-01-01
Terra Alta,26999,16364,1040.0,1205,24638,2363.0,1601,2017-01-01
Urgell,3103,4866,892.0,1632,29414,15380.0,2643,2017-01-01
Vallès Occidental,18325,12962,218.0,2690,5234,180.0,18691,2017-01-01
Vallès Oriental,23735,21627,2269.0,3191,6011,2491.0,14316,2017-01-01
Alt Camp,15713,10592,1583.0,1761,17003,3571.0,3577,2018-01-01
Alt Empordà,39055,42147,3219.0,4733,24030,13577.0,8993,2018-01-01
Alt Penedès,17935,8746,1819.0,2010,22053,579.0,6127,2018-01-01
Alt Urgell,81220,35009,17477.0,2916,4183,1814.0,2127,2018-01-01
Alta Ribagorça,15578,7655,17125.0,1155,584,203.0,386,2018-01-01
Anoia,34374,13362,2059.0,2243,28260,235.0,6098,2018-01-01
Aran,23709,17835,20150.0,929,49,0.0,688,2018-01-01
Bages,55416,19455,2328.0,3609,20987,700.0,6731,2018-01-01
Baix Camp,15693,22546,1904.0,3802,6667,11812.0,7291,2018-01-01
Baix Ebre,17798,25024,3355.0,6155,25553,16808.0,5574,2018-01-01
Baix Empordà,30145,5802,2574.0,2693,12252,8907.0,7796,2018-01-01
Baix Llobregat,12542,9998,957.0,2667,2277,1955.0,18203,2018-01-01
Baix Penedès,8686,6819,535.0,1585,6725,483.0,4812,2018-01-01
Barcelonès,1168,1388,49.0,199,13,39.0,11719,2018-01-01
Berguedà,71466,18193,12993.0,1998,11343,60.0,2472,2018-01-01
Cerdanya,25043,8048,15049.0,1067,2404,963.0,2095,2018-01-01
Conca de Barberà,19115,15323,1282.0,1371,25187,407.0,2332,2018-01-01
Garraf,5596,5441,147.0,1004,1626,77.0,4620,2018-01-01
Garrigues,14957,14661,1239.0,2560,29139,13947.0,3267,2018-01-01
Garrotxa,28683,29574,4339.0,1246,5736,1506.0,2378,2018-01-01
Gironès,25189,10268,1130.0,1974,9169,4206.0,5624,2018-01-01
Maresme,15854,7970,1267.0,1895,728,2311.0,9828,2018-01-01
Moianès,20412,5747,1198.0,541,4450,61.0,1382,2018-01-01
Montsià,6201,15625,1179.0,7885,20182,19000.0,3470,2018-01-01
Noguera,27256,64730,4003.0,6195,43123,28610.0,4490,2018-01-01
Osona,60894,19123,7881.0,4711,24714,627.0,6569,2018-01-01
Pallars Jussà,45098,48520,16450.0,4061,15295,2650.0,2235,2018-01-01
Pallars Sobirà,61622,43834,28027.0,1797,980,143.0,1389,2018-01-01
Pla d'Urgell,45,355,595.0,1511,536,25420.0,2052,2018-01-01
Pla de l'Estany,10011,4713,648.0,902,7502,1106.0,1396,2018-01-01
Priorat,15666,22001,39.0,1349,7350,2372.0,1084,2018-01-01
Ribera d'Ebre,27717,24054,4533.0,3128,13119,8033.0,2148,2018-01-01
Ripollès,59340,11462,21069.0,851,1329,2.0,1609,2018-01-01
Segarra,10709,10526,1020.0,1267,45935,409.0,2406,2018-01-01
Segrià,7865,16260,4277.0,8010,25238,69316.0,8700,2018-01-01
Selva,58609,16259,1135.0,3270,6634,4369.0,9228,2018-01-01
Solsonès,58502,14130,4804.0,1705,19311,56.0,1616,2018-01-01
Tarragonès,5357,3916,1545.0,2378,6662,3636.0,8442,2018-01-01
Terra Alta,26994,16274,1009.0,1573,24261,2581.0,1612,2018-01-01
Urgell,3093,4615,1427.0,1739,28965,15483.0,2644,2018-01-01
Vallès Occidental,18330,12920,266.0,2655,5084,250.0,18808,2018-01-01
Vallès Oriental,23735,21605,2034.0,3171,6118,2481.0,14352,2018-01-01
Alt Camp,15744,10592,1574.0,1817,16938,3527.0,3608,2019-01-01
Alt Empordà,41361,40391,3302.0,4826,23400,13430.0,9044,2019-01-01
Alt Penedès,17935,8746,1795.0,2135,22000,591.0,6067,2019-01-01
Alt Urgell,81220,35009,17452.0,2915,4212,1821.0,2117,2019-01-01
Alta Ribagorça,16310,7670,16369.0,1165,582,204.0,386,2019-01-01
Anoia,34374,13354,2108.0,2289,28162,238.0,6106,2019-01-01
Aran,23709,17835,20150.0,933,49,1.0,683,2019-01-01
Bages,55350,19186,2138.0,3620,21518,699.0,6715,2019-01-01
Baix Camp,15967,23504,198.0,3862,7020,11811.0,7353,2019-01-01
Baix Ebre,17798,25024,3355.0,6435,25140,16727.0,5788,2019-01-01
Baix Empordà,30157,5814,2702.0,2761,12255,8645.0,7835,2019-01-01
Baix Llobregat,12542,9989,956.0,2694,2243,1995.0,18180,2019-01-01
Baix Penedès,8686,6819,523.0,1590,6699,474.0,4854,2019-01-01
Barcelonès,1168,1388,49.0,202,13,39.0,11716,2019-01-01
Berguedà,71465,18107,12906.0,1999,11522,62.0,2464,2019-01-01
Cerdanya,25043,8048,15013.0,1066,2404,989.0,2106,2019-01-01
Conca de Barberà,19108,15323,1246.0,1399,25208,390.0,2343,2019-01-01
Garraf,5596,5414,134.0,998,1623,128.0,4618,2019-01-01
Garrigues,14957,14063,1239.0,3029,28675,14534.0,3273,2019-01-01
Garrotxa,28680,29557,4349.0,1203,5816,1511.0,2346,2019-01-01
Gironès,25189,10268,1130.0,2010,9156,4199.0,5608,2019-01-01
Maresme,15854,7967,1255.0,1933,722,2302.0,9820,2019-01-01
Moianès,20410,5735,1151.0,541,4508,70.0,1376,2019-01-01
Montsià,6201,15625,1179.0,8145,20004,18897.0,3491,2019-01-01
Noguera,27256,64707,3999.0,6513,42472,28946.0,4514,2019-01-01
Osona,60913,19109,7552.0,4805,25021,616.0,6503,2019-01-01
Pallars Jussà,45098,48520,16404.0,4147,15253,2652.0,2235,2019-01-01
Pallars Sobirà,61622,43834,28115.0,1806,888,138.0,1389,2019-01-01
Pla d'Urgell,45,355,504.0,1646,485,25413.0,2066,2019-01-01
Pla de l'Estany,10011,4713,647.0,911,7480,1106.0,1410,2019-01-01
Priorat,15630,21900,39.0,1802,7041,2357.0,1092,2019-01-01
Ribera d'Ebre,27717,24054,4611.0,3521,12299,8359.0,2171,2019-01-01
Ripollès,59342,11462,20968.0,914,1331,1.0,1644,2019-01-01
Segarra,10709,10526,1020.0,1291,45867,433.0,2426,2019-01-01
Segrià,7865,16260,4277.0,8542,24379,69603.0,8740,2019-01-01
Selva,58550,16220,1014.0,3368,6996,4118.0,9238,2019-01-01
Solsonès,58502,14006,4684.0,1710,19551,58.0,1613,2019-01-01
Tarragonès,5357,3916,1545.0,2345,6588,3366.0,8819,2019-01-01
Terra Alta,26994,16227,1009.0,2020,23587,2816.0,1651,2019-01-01
Urgell,3093,4615,1418.0,1887,28715,15605.0,2633,2019-01-01
Vallès Occidental,18334,12919,282.0,2607,5095,218.0,18858,2019-01-01
Vallès Oriental,23736,21534,1942.0,3185,6215,2614.0,14270,2019-01-01
Alt Camp,15764,10592,1661.0,1976,16615,3574.0,3618,2020-01-01
Alt Empordà,41740,40514,3042.0,4942,23135,13375.0,9006,2020-01-01
Alt Penedès,17935,8741,1767.0,2287,21937,543.0,6059,2020-01-01
Alt Urgell,81220,35009,17457.0,2937,4181,1814.0,2128,2020-01-01
Alta Ribagorça,16310,7610,16223.0,1326,627,204.0,386,2020-01-01
Anoia,34320,13400,2108.0,2361,28112,224.0,6106,2020-01-01
Aran,23683,17861,20149.0,934,47,1.0,685,2020-01-01
Bages,55348,18774,2073.0,3631,22002,683.0,6715,2020-01-01
Baix Camp,15983,23556,79.0,3959,6975,11811.0,7352,2020-01-01
Baix Ebre,17707,25115,3355.0,6509,24899,16873.0,5809,2020-01-01
Baix Empordà,30174,5657,2838.0,2762,12169,8754.0,7815,2020-01-01
Baix Llobregat,12542,9989,961.0,2729,2227,1967.0,18184,2020-01-01
Baix Penedès,8685,6820,504.0,1664,6597,524.0,4851,2020-01-01
Barcelonès,1167,1388,49.0,203,12,40.0,11716,2020-01-01
Berguedà,71426,17975,12840.0,2044,11720,63.0,2457,2020-01-01
Cerdanya,25043,8048,14930.0,1087,2429,1009.0,2123,2020-01-01
Conca de Barberà,19104,15327,1246.0,1462,25122,395.0,2361,2020-01-01
Garraf,5596,5414,134.0,1009,1632,109.0,4617,2020-01-01
Garrigues,14918,14102,1239.0,3205,28067,14985.0,3254,2020-01-01
Garrotxa,28668,29557,4232.0,1238,5826,1576.0,2365,2020-01-01
Gironès,25189,10258,1130.0,2056,9064,4275.0,5588,2020-01-01
Maresme,15853,7968,1255.0,1951,762,2232.0,9832,2020-01-01
Moianès,20410,5694,1106.0,545,4590,70.0,1376,2020-01-01
Montsià,6201,15625,1179.0,8173,19858,19008.0,3498,2020-01-01
Noguera,27246,64707,3989.0,6569,42287,29061.0,4548,2020-01-01
Osona,60912,18987,7479.0,4885,25132,624.0,6500,2020-01-01
Pallars Jussà,45098,48520,16422.0,4201,15192,2658.0,2218,2020-01-01
Pallars Sobirà,61622,43703,28115.0,1944,879,138.0,1391,2020-01-01
Pla d'Urgell,45,355,504.0,1662,459,25409.0,2080,2020-01-01
Pla de l'Estany,10011,4713,610.0,923,7521,1093.0,1407,2020-01-01
Priorat,15871,21896,39.0,1925,6668,2371.0,1091,2020-01-01
Ribera d'Ebre,26230,25541,4711.0,3657,12143,8267.0,2183,2020-01-01
Ripollès,59341,11459,20944.0,937,1334,2.0,1645,2020-01-01
Segarra,10705,10530,1020.0,1350,45775,451.0,2441,2020-01-01
Segrià,7575,16550,4277.0,8688,23652,70121.0,8803,2020-01-01
Selva,58525,16170,916.0,3370,6926,4346.0,9251,2020-01-01
Solsonès,58502,14006,4882.0,1739,19310,63.0,1622,2020-01-01
Tarragonès,5354,3919,1545.0,2463,6616,3164.0,8875,2020-01-01
Terra Alta,26991,16206,1002.0,2269,23027,3153.0,1656,2020-01-01
Urgell,3085,4623,1418.0,1987,28314,15886.0,2653,2020-01-01
Vallès Occidental,18388,12891,270.0,2680,5016,244.0,18824,2020-01-01
Vallès Oriental,23737,21546,1853.0,3321,6263,2532.0,14244,2020-01-01
Alt Camp,15764,10592,1661.0,1925,16612,3606.0,3640,2021-01-01
Alt Empordà,41917,40534,3144.0,4924,22766,13418.0,9051,2021-01-01
Alt Penedès,17935,8741,1770.0,2226,22171,519.0,5907,2021-01-01
Alt Urgell,81220,35009,17124.0,3385,4067,1809.0,2132,2021-01-01
Alta Ribagorça,15758,3064,21278.0,1350,641,207.0,388,2021-01-01
Anoia,34320,13400,2109.0,2296,28220,213.0,6073,2021-01-01
Aran,23683,17861,20149.0,934,45,1.0,687,2021-01-01
Bages,55348,18774,2078.0,3598,22103,662.0,6663,2021-01-01
Baix Camp,15987,23556,77.0,3934,7001,11838.0,7322,2021-01-01
Baix Ebre,17707,25115,3355.0,6502,24864,16899.0,5825,2021-01-01
Baix Empordà,30172,5655,2838.0,2768,12127,8834.0,7775,2021-01-01
Baix Llobregat,12542,9989,989.0,2675,2227,1967.0,18210,2021-01-01
Baix Penedès,8685,6820,492.0,1626,6652,516.0,4854,2021-01-01
Barcelonès,1167,1388,50.0,203,12,40.0,11715,2021-01-01
Berguedà,71426,17865,12823.0,2041,11873,60.0,2437,2021-01-01
Cerdanya,25048,8048,14948.0,1092,2399,1015.0,2119,2021-01-01
Conca de Barberà,19104,15327,1243.0,1452,25123,405.0,2363,2021-01-01
Garraf,5596,5407,134.0,915,1617,113.0,4729,2021-01-01
Garrigues,14918,14102,1239.0,3242,27566,15473.0,3230,2021-01-01
Garrotxa,28675,29549,4245.0,1240,5802,1586.0,2365,2021-01-01
Gironès,25189,10258,1130.0,2059,9218,4119.0,5587,2021-01-01
Maresme,15853,7964,1255.0,1929,764,2224.0,9864,2021-01-01
Moianès,20410,5694,1106.0,544,4621,40.0,1376,2021-01-01
Montsià,6201,15625,1179.0,8090,19582,19369.0,3496,2021-01-01
Noguera,27246,64706,3979.0,6594,41364,29963.0,4555,2021-01-01
Osona,60910,18923,7409.0,4862,25226,641.0,6548,2021-01-01
Pallars Jussà,45098,48520,16296.0,4346,15133,2670.0,2246,2021-01-01
Pallars Sobirà,61623,43703,28115.0,1941,886,138.0,1386,2021-01-01
Pla d'Urgell,45,355,617.0,1708,560,25266.0,2076,2021-01-01
Pla de l'Estany,10011,4713,504.0,932,7491,1101.0,1413,2021-01-01
Priorat,16469,21893,39.0,1951,6165,2249.0,1095,2021-01-01
Ribera d'Ebre,26230,25541,4785.0,3668,12069,8265.0,2174,2021-01-01
Ripollès,59340,11460,20937.0,945,1313,2.0,1665,2021-01-01
Segarra,10705,10530,1020.0,1332,45831,401.0,2453,2021-01-01
Segrià,7575,16550,4277.0,8765,22897,70865.0,8737,2021-01-01
Selva,58503,16127,869.0,3374,7023,4362.0,9246,2021-01-01
Solsonès,58502,13991,4867.0,1744,19323,68.0,1629,2021-01-01
Tarragonès,5354,3919,1545.0,2446,6491,3310.0,8871,2021-01-01
Terra Alta,26991,16206,1036.0,2194,23021,3171.0,1685,2021-01-01
Urgell,3085,4623,1416.0,1972,28294,15921.0,2655,2021-01-01
Vallès Occidental,18388,12891,469.0,2622,5376,135.0,18432,2021-01-01
Vallès Oriental,23740,21643,1714.0,3303,6328,2525.0,14243,2021-01-01
